{"labels_3d": [0, 0, 0, 0, 0, 0, 0, 0, 0, 0, 0, 0, 0, 0, 0, 0, 0, 0], "scores_3d": [0.4540393650531769, 0.40008458495140076, 0.39277416467666626, 0.37327641248703003, 0.35353976488113403, 0.34783807396888733, 0.30756327509880066, 0.2729356288909912, 0.2603760063648224, 0.23566408455371857, 0.22756868600845337, 0.22208991646766663, 0.22076618671417236, 0.21573759615421295, 0.21561171114444733, 0.20723097026348114, 0.20021729171276093, 0.19186319410800934], "bboxes_3d": [[33.72396469116211, 11.347156524658203, -2.087693929672241, 4.510397434234619, 1.8074029684066772, 1.5350066423416138, 0.27378296852111816], [32.96707534790039, 21.700910568237305, -2.249286651611328, 4.565103530883789, 1.747696876525879, 1.6379321813583374, -0.003435969352722168], [42.79944610595703, -6.215015411376953, -2.3237781524658203, 4.465068817138672, 1.844315767288208, 1.5413168668746948, 0.14703094959259033], [33.99687576293945, -26.328981399536133, -2.361299514770508, 4.587276935577393, 1.9127253293991089, 1.72600519657135, -0.08824992179870605], [5.669580936431885, -32.405723571777344, -2.1430139541625977, 4.622402667999268, 1.8019237518310547, 1.492542028427124, 0.26880431175231934], [23.58860206604004, -16.462238311767578, -2.3130829334259033, 4.589442253112793, 1.8017339706420898, 1.8569552898406982, -0.12318551540374756], [24.760196685791016, 34.415443420410156, -2.1684694290161133, 4.527738571166992, 1.7911722660064697, 1.6904115676879883, 0.22988319396972656], [27.27544593811035, 3.6210310459136963, -2.8471803665161133, 4.54123067855835, 1.957365870475769, 1.8138705492019653, 0.04667377471923828], [31.870481491088867, -30.898263931274414, -2.479124069213867, 4.452731132507324, 1.871766448020935, 1.5975087881088257, 0.07094180583953857], [6.660928726196289, -27.74386978149414, -2.3874616622924805, 4.468343257904053, 1.7801307439804077, 1.5134565830230713, 0.24995625019073486], [26.04621696472168, -9.805541038513184, -2.557648181915283, 4.323861598968506, 1.7443125247955322, 1.5210340023040771, 0.030431032180786133], [4.972478866577148, 26.085317611694336, -2.164051055908203, 4.413520812988281, 1.7599328756332397, 1.6529234647750854, 0.010467290878295898], [30.230009078979492, -0.8771565556526184, -2.668813467025757, 4.411636829376221, 1.7804781198501587, 1.6577707529067993, 0.25508999824523926], [9.042946815490723, 22.341365814208984, -2.285733222961426, 4.479881286621094, 1.7682112455368042, 1.8016183376312256, 0.06362473964691162], [10.846644401550293, 27.57893180847168, -2.122134208679199, 4.242239475250244, 1.80995774269104, 1.8758807182312012, -1.1893149614334106], [8.113465309143066, 18.558591842651367, -2.4928884506225586, 4.513695240020752, 1.8500231504440308, 1.704620122909546, 0.05700123310089111], [20.59934425354004, -13.278900146484375, -2.1418559551239014, 3.471384048461914, 1.7119547128677368, 1.7131190299987793, 0.479469895362854], [50.534236907958984, 15.764148712158203, -2.0403788089752197, 4.081028461456299, 1.7297413349151611, 1.696933627128601, -1.3555182218551636]], "box_type_3d": "LiDAR"}